a,b,c,d,e,f,g,h,i,j,k,l,m,n,o,p,q,r,s,t,u,v,w,x,y,z
aa,ba,ca,da,each,fa,ga,ha,iaac,jacoco,kafa,laac,ma,naacl,oa,pa,qa,ra,sa,ta,ua,vae,waf,xamarin,yaml,zbrush
aaai,baai,caas,daas,eager,faas,galaxy,hackathon,iaas,jade,kafak,lab,mac,naas,oas,paas,qanda,raas,saas,table,uages.,vagrant,wafer,xaml,yanolja,zcu
aaant,babel,cache,dab,eai,fablo,galera,hackathons,iac,jambo,kafka.,label,macbook,nac,oauth,paced,qaops,rabbit,sac,table.,uam,valid,waiting,xcode,yanus,zebra
aac,babel.,caching,dac,eam.,fablo.com,game,hackercup,ial.,janus,kaggle,labeling,maccaron,nad,obc,pack,qat,rac,saccade,tables,uart,validate,wake,xcode.,yara,zeek
aad,babyagi,cacoo,dacon,early,fabric,gamepot,hacking,iam,jap,kakao,labnote,machine,nagios,obd,package,qbot,radar,sae,tablespace,uarts,validated,walkthrough,xcodecloud,yarn,zemax
aarrr,babylonjs,cacti,daemon,eas,fabs.,gaming,hada,iar,japanese,kalman,labs,machinelearning,nance.,obe.,packaged,qc,radio,safe,tablet,uat,validating,wallet,xcodegen,yasg,zendesk
abac,bachelor,cad,dag,ease,face,gan,hailo,iatf,jar,kanban,labview,machines,nand,obj,packaging,qd,radix,safedoc,tabular,uav,validation,walletconnect,xcp,year,zenhub
abap,back,caddi,dagster,easy,facebook,gap,hal,iatry.,javacript,kandij,lac,macie,nano,objdump,packet,qdrant,radware,safeguarding,tackle,uber,validator,wan,xct,years,zenius
abaqus,backbone,cadence,dahua,easylist,faces.,gapped,halcon,ib,javafx,kargo.io,lake,macos,nas,objec,pacs,qe,raft,safety,tacotron,ublock,valkey,wandb,xctest,years.,zephyr
abeek,backend,cae,daily,easylm,facial,gaps,hana,ibatis,javas,kb,lakehouse,macro,nasdaq,object,pact,qemu,rag,saga,tada,uboot,valtio,want,xd,yeatu,zeplin
abilities,backendapi,cafe,dall,eats,facilitate,garafana,hand,ibcf,javascipt,kbs,lalavel,made,nat,objectdetecton,pads,qlue,rail,sagemaker,tadog.,ubuntu,valuable,wareh,xdp,yeatu.com,zero
ability,background,caffe,dapp,eb,facilitating,garage,handle,ibeon.ai,javascrpit,kbueflow,lambda,magic,natice,objecti,page,qm,rails,saige,tag,uci,value,warehouse,xdr,yeatu.xyz,zeroeyes
able,backlog,cakephp,dapt,ebedded,facing,garbage,handling,ibis,javasript,kc,lamda,mail,nation,objectiv,pagerduty,qml,raise,sailpoint,tages.,uct.,valued,wargame,xen,yess,zetic
ablur,backoffice,calculating,dards.,ebpf,factor,gat,hands,ibl,javasscript,kcc,lan,main,nationality,objective,pages,qms,raising,sales,taggingbox,ucx,valve,warm,xenserver,yield,zigbee
abnormal,backstage,calculus,dash,ebs,factory,gate,hanteochart,icassp,javavscript,kcd,land,mainly,native,objectives,pages.,qna,rakuten,salesforce,tai,udc,van,was,xhtml,ylist.,zkp
abreast,backup,calibr,dashboard,ec,facts,gateway,hanteonews,iccv,jave,kcmvp,landmark,mainnet,nativewindcss,objects,paging,qnx,rance.,salome,tail,udp,vanila,wasm,xiaomi,yocto,zod
abric.js,bad,calibration,dashcam,ecc,factual,gateways,happened,icd,javscript,kcna,lands,mains.,natural,objug,pain,qoe,random,salt,tailor,uds,vanilajs,wass,xid,yoga,zonal
abs.,bahn,calibre,dask,eccv,fag,gather,happiness,ice,javsscript,kd,landscape,maintain,nav,oblem.,painter,qr,randomforest,sam,tailored,uds.,vanilla,watch,xilinx,yolo,zone
absible,balance,calico,dassault,ecdsa,fail,gathering,happy,ice.,jax,kdb,lane,maintainability,naver,obs,pair,qrb,range,samd,tailscale,ue,variety,watched,xint,young,zoo
abstraction,balancer,call,dast,ece,failover,gauss,haptic,iceberg,jboss,kdd,lang,maintainable,navigate,observability,palm,qsa,rank,same,tailwindcss,uem,various,watchos,xla,your,zookeeper
abtesting,balancers,cally.,data,ecg,failure,gazebo,hara,icedid,jcr,kds,langaku,maintaining,navigating,obsession,palo,qspi,ranking,saml,taiwan,ues.,varying,waterbody,xlab,youtrack,zorro
academic,balancing,calm,data.,echarts,fairness,gbm,hard,ich,jdbc,kdt,langchain,maintains,navigation,obtaining,paloalto,qt,rapid,sample,take,ufs,vator.,waterfall,xml,youtube,zotai
acc,ballpark,cam,database,eclipes,fairplay,gc,hardening,ickly.,jdk,keen,langflow,mainte,navtive,obu,pancakeswap,qu,rapidly,sampling,takeout,ugui,vb.net,watermark,xnnpack,ystem.,zpl
accelerate,bamboo,camera,databasem,eclips,fairseq,gcc,hardhat,iclr,jdsl,keep,langfuse,maintenance,nb,obzen,panda,quadrant,raptor,samsung,taking,ui,vc,wave,xp,yt,ztna
acceleration,banners,cameras,databases,eclipse,faiss,gcn,hardware,icml,je,keeper,langgraph,mainternance,nbt,occlusion,pandas,qual,rasa,san,talented,uikit,vcap,waveglow,xpert,ython.,zuken
accelerator,bar,camerax,databinding,ecma,fake,gcp,harness,icms,jeb,keeping,langraph,mainternence,ncap,occupant,pano,qualcom,raspberry,sandbox,talescale,uipath,vclp,way,xr,yup,zvzo
access,baremetal,camp,databricks,ecmascript,fallback,gcp.,hash,icp,jects.,kendoui,langu,major,nccl,occurrences,papayaplay,qualcomm,rate,sans,talk,uis,vcnc,way.,xrce,,zynq
accessibility,bart,campaign,datacamp,eco,FALSE,gcs,haskell,icpc,jeff,kepco,language,make,nce.,ocean,paper,qualifications,rational,sap,tam,uites.,vcore,wayland,xroo,,
accommodate,bartlett,canape,datadog,ecommerce,familiar,gdal,hasura,icra,jeniffer,kepware,languages,makefile,ncloud,ocess.,parallel,qualified,raw,sas,tanstack,uiux,vcp,wazuh,xstate,,
accord,base,canary,dataflow,ecosystem,familiarity,gdap,haves,ics.,jennifer,kerberos,laptops,maker,ncnn,ochestration,parallelization,quality,raygun,sase,tap,ul,vcs,wbs,xtreme,,
accordance,baseband,candidate,dataframe,ecr,family,gdb,having,ict,jest,kernel,laravle,makers,ncp,oci,parameter,quantitative,rbac,sass,target,ultimate,vcu,wcs,xx,,
account,based,candidates,datagrip,ecs,fan,gddr,haystack,ictk,jetbrain,key,large,making,ncy.,ocio,parameters,quantization,rbloc,sast,targeted,ultrascale,vdi,wdk,xxx,,
accountability,baselines,canfd,datahub,ected.,fanz,gdpr,hbm,id,jetbrains,keycloak,laser,mall,nda,ocker.,parametric,quantizer,rc,sat,targeting,umg,vdom,weak,,,
accountable,bash,canoe,datakitchen,ecu,fargate,gds,hcg,ida,jetpack,keypoint,last,malware,ndb,ocket.,parcel,quantum,rch.,satisfa,targetingreporting,uml,vector,weakly,,,
accounting,bashshell,canvas,datalake,eda,farm,gem,hci,idapython,jetson,keyspaces,latam,man,ndc,ocket.io,parcelable,quartz,rcms,satisfact,targetless,umos,vectordb,weakreference,,,
accounts,basi,cap,datamaker,edb,farmers,gemini,hd,idc,jetting,keyword,latency,manag,ndr,ocp,pardot,quasar,rcs,satisfaction,targets,ums,vectorization,wear,,,
accurate,basic,capa,datamart,edd,fasoo,gemm,hdd,ide,jeus,keywords,latest,manage,ndset.,ocpp,pari,quat,rd,satisfactory,tas,unbounded,vehic,weaviate,,,
accurately,basis,capabil,dataops,edge,fasooblock,gen,hdf,idea,jhipster,kia,latitude,managed,ne,ocr,parking,quectel,rdb,satisfy,task,uncertainty,vehicle,web,,,
ach.,batch,capabilities,datapipeline,edi,fast,genai,hdfs,ideal,jig,kiali,lattice,managem,near,ocsp,parquet,queries,rdbms,saviynt,tasks,uncover,vehicles,web.,,,
achieve,batching,capability,dataplatform,edit,fastening,gender,hdl,ideas,jigs,kicad,launch,management,nearby,oct,parser,query,rdbms.,sba,tasks.,understand,vel.,webapi,,,
achieved,battery,capable,dataplay,editing,faster,general,hdls,ideation,jina,kick,launcher,manager,nearest,octopus,parsing,querydsl,rdbs,sbc,tason,understanding,velilog,webapp,,,
achievement,bau,capacitor,datapuree,edition,fastspeech,generate,hdmi,identification,jlpt,kills.,launchpad,managers,necess,odata,part,quest.,rders.,sbom,taste.,unece,velocity,webassembly,,,
achievements,bc,capacity,datarize,editor,fault,generated,hdr,identifier,jmeter,kimes,laws,managing,necessary,odels.,participate,question,rdl,sbr,tax,unet,vendor,webcomic,,,
achieving,bcg,capes.,dataset,edms,faults,generating,hdrp,identify,jni,kinematics,layer,mance.,need,oding.,participated,questioning,rdma,sbw,taxi,unidirectional,vendors,webflux,,,
aci,bcp,capital,datasets,edr,fbx,generation,head,identifying,jnk,kinesis,layered,mandatory,needed,odm,participating,queue,rdp,sc,tb,unified,vents.,webgl,,,
acid,bcp.,capl,datasheet,eds.,fcc,generative,headspin,identity,jnut,kiosk,layout,manipulator,needle,odometry,particle,quick,rdparty,sca,tbb,uning.,venture,webgpu,,,
acl,bd,capora,dataspace,edtech,fcg,generator,health,idl,jo,kisa,lazy,manner,needs,ods.,particleworks,quickly,rds,scada,tc,unintended,ventures,webhook,,,
acm,bdacs,captioning,datastructure,edu,fcm,genesis,healthcare,idle,job,kit,lbm,mantine,needs.,oduct.,particular,quicksight,re,scala.,tca,unique,venus,webkit,,,
acme,bdd,capture,datawarehouse,education,fd,genians,healthy,idp,join,kitstudio,lbs,mantis,neers.,oem,particularly,qulity,reach,scalab,tcl,unirx,verbal,weblogic,,,
acmmm,be,car,date,edutech,fda,genie,heap,idps,joining,kive,lcd,mantra,negative,oems,parties,quorum,reach.,scalabil,tcp,uniswap,verbally,webmethods,,,
acon,beacon,card,dau,edw,fdc,genivi,hearted,ids,joint,klaytn,lcms,manual,negotiate,offe,partitioning,quotations,react,scalability,tcu,unit,verbs,webmvc,,,
acoustic,beam,care,day,ee,fdm,gentoo,heat,iec,jooq,klyatn,lda,manuals,negotiation,offering,partner,qwen,react.,scalable,tda,units,vercel,webots,,,
acquisition,beanie,career,db,eeded.,fdr,geo,heatmap,ieee,joseph,kmong,ldap,manufact,neighbor,office,partnering,,react.jf,scale,tdd,unittest,verifiable,webpack,,,
acr,beanstalk,carla,db.,eeg,fds,geogra,heavenly,ields.,journal,kms,ldaps,manufactur,nents.,officer,partners,,react.js,scale.,tdp,unity.,verificat,webrtc,,,
across,bear,carplay,dba,eegineer,fe,geographic,heavy,ience.,journals,knative,ldc,manufacturing,neon,offices,parts,,react.js*,scaleform,tds,unityengine,verification,webs,,,
acs,beat,carsim,dback.,eeprom,fea,geographically,hedge,iency.,journey,knex.js,lders.,many,neptune,offline,party,,reacthookform,scales,te,universal,verify,websites,,,
acter.ai,beats,carts,dbc,ef,feasible,geojson,held,ients.,jpa,know,lding.,map,neptuneco,ogies.,pass,,reactive,scaling,teaching,university,verilog,websocket,,,
action,beautifulsoup,casandra,dbg,effect,featu,geometric,help,ies.,jpg,knowhow,lds.,mapbox,ner,ogy.,passages,,reactnative,scan,team,unix,veristand,websockets,,,
actionable,beauty,casb,dblink,effectiv,feature,geometry,helpful,ifc,jqgrid,knowledge,le,mapf,ner.,oid,passion,,reactnavigation,scanner,team.,unleash,version,websquare,,,
actions,become,case,dbms,effective,features,geopandas,helping,ife.,jquery,knowledgeable,lea,mapgl,nerf,oints.,passionate,,reactor,scanning,teamc,unlock,versioning,webstrom,,,
activ,becoming,cases,dbn,effectively,federated,geoserver,helps,iffel.io,jr.,known,lead,mapping,nest,oject.,pasted,,reactquery,scans,teamcity,unmet,versions,webui,,,
active,bedrock,cases.,dbpia,effectiveness,federation,german,hem.,iframe,js,knows,lead.,mar,nest.js,ojt,pat,,read,sccm,teaming,unocss,vert.,webview,,,
actively,behavior,casp,dbscan,effects,fee,gerrit,heroes,ifrs,jsfiddle,ko,leade,margin,nest.js.,ok,patch,,readability,scenario,teammates,unparalleled,vertex,weekly,,,
activemq,behaviors,cass,dbt,effic,feed,ges.,heroku,iga,jsi,koala,leader,maria,net,okhttp,patches,,readable,scenarios,teams,unreal,vertexai,weights,,,
activities,belt,cassandra,dc,effici,feedback,gesture,hevc,igaming,jsm,kobert,leaders,mariadb,netapp,okr,path,,reader,scene,teams.,unrealengine,vertica,weilo,,,
activity,bem,casual,dcs,efficie,feign,get,hexagonal,ights.,json,kognition,leadership,marionette,netbox,okta,pathology,,readerlm,scene.,teamwork,unreliable,vertical,welaaa,,,
actor,ben,cat,dda,efficien,fellow,get.,hft,igmp,jsonnet,koin,leading,mark,netes.,olang.,pathon,,readiness,schedule,tech,unspoken,very,weldbeing,,,
actual,bench,cat.,ddb,efficiency,fem,geth,hiberate,ign.,jsonp,koltin,leaflet,markdown,netezza,olap,patient,,reading,scheduler,techn,unstruc,ves.,well,,,
actuator,benchmarks,catalog,ddd,efficient,fend,getx,hibernate,igtyp,jsp,kong,league,market,netfilter,ole.,pattern,,readme,schedules,technical,unstructured,vessl,wellness,,,
ad,benefit,catch,ddk,efficiently,fep,gfx,hidden,ih,jstl,konva,leak,marketing,netflix,oled,patterns,,real,scheduling,technically,unsupervised,vflat,wemix,,,
adapt,bento,categorization,ddl,effort,fered.,ggal,hierarchy,ihq,jsx,konva.js,lean,marketplace,netflow,oliveyoung,pay,,reality,schema,technician,update,vhdl,wep,,,
adaptability,bentoml,catia,ddms,efforts,fetching,ghost,hig,ii,jtag,kops,learn,marks.,netfunnel,ollama,payment,,realm,schematic,techniq,updated,via,wepublic,,,
adaptation,berg,catid,ddos,efits.,few,ghout.,high,iii,jud,korea,learner,markup,netlify,ology.,payments,,realtek,schillace,technique,updates,viable,weston,,,
adapter,berkley,causal,ddp,efk,ffice.,ghs,highchart,iis,jui,korean,learnig,mart,netscaler,ols.,payout,,realtime,school,techniques,upf,viber,weverse,,,
adaptive,berry,causes,ddr,efore.,ffmpeg,ghz,highcharts,iit,julia,kosa,learning,martech,netw,oltp,payroll,,reanimated,schwab,technol,upgrade,vibrant,whatap,,,
adas,bert,cbct,dds,efs,ffort.,gi,higher,ijcai,jump,kosdaq,learningwhat,marts,network,oma,pb,,rear,sci,technolog,upgrades,vices.,whcp,,,
adb,besides,cbo,de,eg.,ffr,giga,highest,ijcv,jun,kotlin,least,marvelousdesigner,networking,omain.,pba,,reasoning,scie,technologies,uphold,vicuna,wheel,,,
adblock,best,cbor,deadlines,egies.,fft,gimbal,highly,ikive.com,junior,kpi,led,masking,networks,omers.,pbr,,recaptcha,science,technologists,uppet.,video,where,,,
adc,better,cbt,deal,ego,fhir,gimbals,hightchart,il,juniper,kpis,ledge.,mass,neural,omics,pbv,,receiver,sciences,technology,upscale,videoplayer,white,,,
add,bezos,cbu,dealing,egov,fi,gimp,hikaricp,ility.,jupyet,kpop,legacy,master,neurips,ommon.,pbx,,receiving,scientific,techstack,upstage,videos,whiteboard,,,
added,bff,cc,deals,egree.,fidelity,gir,hil,ily.,jupyter,kr,legal,mastercard,neurocloud,omni,pc,,recognition,scientist,tecnical,uptech,view,whole,,,
addin,bge,cccp,dear,eic,fie,gis,hils,image,jupyterhub,krafton,legary,mastercontrol,neurodegenerative,omniverse,pca,,recognize,scientists,tee,uptempo,viewbinding,whosfan,,,
addition,bgp,ccess.,debate,eicd,field,git,hilt,imageio,just,kream,lence.,match,neuroimaging,omnivores,pcad,,recommendation,scikit,telematics,urban,viewer,why,,,
additional,bgtscan,ccie,debezium,eigen,field.,gitbook,hindered,images,justification,krpia,lens,matching,neurological,oms,pcb,,recomposition,scikitlearn,telemetics,urces.,viewmodel,wi,,,
additionally,bi,ccm,debian,eilze.js,fields,gitcopilot,hipaa,imaging,jvm,krx,lerna,material,neurology,omx,pcba,,recon,scip,telemetry,urgency,viewport,wide,,,
address,biases,ccna,deblurring,eip,figma,gitflow,hippa,imap,jwt,kryo,les.,materials,neuroradiology,onboarding,pce,,reconstruction,scipy,telerik,uring.,views.,widevine,,,
addressing,bidding,ccnp,debug,either,file,githb,hire,imapp,,kstqb,less,math,neutral,onday.com,pci,,record,scm,temperature,urity.,vimeo,widnows,,,
ade.,bifrost,ccpa,debugging,ejs,filebeat,gitops,hiring,imbalanced,,kt,let,mathematical,neutron,ondevice,pcie,,recorder,scope,template,url,vims,wifi,,,
adept,big,ccs,deca,ekf,filed,gitploy,his,imc,,kubanetes,level,mathematics,never,one,pcl,,records,scoping,tempo,urp,vio,wiki,,,
adequate,bigdata,cctv,decentralized,eks,files,given,historical,imgui,,kubemetes,level.,matlab,new,one.,pd,,recovery,score,temsorflow,urs.,violati,willingness,,,
adguard,bigquery,ccu,decision,eksctl,filesystem,giving,history,imitation,,kubenetes,levels,matplotlib,newman,onedrive,pda,,recruiter,scoring,tenancy,us,vip,win,,,
adhere,bill,cd,decisions,elastic,film,gke,hitachi,immediate,,kubenretes,lever,matrix,newrelic,ongna.com,pdal,,recruiting,scouter,tenant,usage,viper,windbg,,,
adherence,billing,cd.,deck,elasticache,filter,gl,hivemind,imo,,kuber,leverage,matrox,newsql,ongoing,pdf,,recsys,scraping,tencent,usb,virtio,window,,,
adherent,binary,cdc,decoder,elasticbeanstalk,fin,glish.,hiveql,impac,,kuberentes,leveraging,matter,nexacro,onies.,pdm,,recurring,scrapping,tendermint,use,virtual,windows,,,
adhering,binder,cdd,decoding,elasticcache,final,global,hkmc,impact,,kubernates,levit,mattermost,nexcad,oning.,pdms,,red,scratch,tenders,use.,virtualenv,windshield,,,
adjustment,binding,cdk,decompose,elasticserach,finance,globally,hl,impactful,,kuberneties,lexer,matting,next,online,pds,,redbrick,screen,tengine,used,virtualization,winform,,,
adlc,bio,cdm,decomposition,elaticcache,financial,glow,hlk,impacting,,kubernets,lfs,mature,next.js,only,pe,,redhat,script,tension,user,virus,winforms,,,
admerce,bioinformatics,cdn,dedicated,elb,fincatch,glsl,hls,impatient,,kuberntes,lg,maturity,next.js.,onnx,peasy,,redmine,scripting,tensor,users,visa,wintel,,,
admet,bioma,cdp,dedt,eld.,fincube,gltf,hlsl,imperas,,kuerbernetes,lgpl,mau,nextflow,onnxruntime,pec.,,redshift,scripts,tensorrt,users.,visibility,wips,,,
admin,biomarkers,cdri,deduplication,ele,find,glue,hmi,implement,,kustomize,lgtm,maui,nextone,onprem,pedestrians,,redu,scrollbar,teradata,uses,vision,wireframe,,,
administration,biome,cdv,deep,electra,finding,gmail,ho,implementat,,kv,li,maven,nfc,ons.,peerjs,,reduc,scrum,term,using,visionary,wireguard,,,
administrator,biomedical,cdw,deeper,electric,findings,gment.,hodings,implementation,,kvc,lib,mavlink,nft,ontol,peers,,reduce,scss,terns.,usion.,vison,wireless,,,
admob,biostar,ce,deeplea,electrical,fine,gmp,holder,implementations,,kve,libraries,max,ng,onvif,peft,,reduced,scte,terraform,ust.,visual,wireshark,,,
adobe,biostatistics,cec,deeplearning,electromagnetic,finelocalizer,gmsl,holders,implementing,,kvm,library,maximize,nginx,oo,pellicle,,reduction,scylla,terrafrom,ustry.,visualisation,wis,,,
adoboe,biovia,ced.,deeplink,electronic,finetuning,gmv,home,implicit,,kvo,license,maximizing,ngodb.,ood,pen,,refactor,scylladb,terrraform,ut,visualization,wise,,,
adopt,birt,ceh,deepspeed,electronics,fingerprint,gnn,homekit,implicitness,,kw,licenses,maximum,ngood.co.kr,ooldi.com,pencv.js,,refactoring,sd,test,util,visualizations,wiseconvey,,,
adopting,bit,cell,deepstream,electronjs,finops,gns,hong,implied,,kwdc,lidar,maxscale,ngrx,oop,penetration,,refer,sda,testability,utilities,visualize,wish,,,
adoption,bitcoin,celluar,deeptech,elecvery,fintech,gnss,hono,import,,kyc,life,may,nh,oozie,people,,reference,sdc,testable,utiliz,visualized,wishlists,,,
ads,bitdefender,cent,defect,element,fiona,go.,honojs,improve,,kye,life.,maya,nhn,op,per,,refine,sdcard,testbench,utilization,visually,wlan,,,
adtech,bitnami,center,defects,elemental,fiori,goal,hook,improved,,kyt,lifecycle,mayk,ni,opa,perception,,refinitiv,sdd,testcase,utilize,visula,wli,,,
advanced,bitsandbyte,centered,defender,elicit,fiow,goals,hooks,improvem,,,lifelog,mba,nic,opamp,perceptions,,reflection,sddc,testcontainers,utilized,visutal,wlsi,,,
advancements,biz,centos,defense,elicitation,fip,gocd,hopae,improveme,,,lifelong,mbd,nice,opc,perfect,,reflexion,sdet,tested,uting.,visx,wm,,,
advancing,bkl,central,defi,eline.,fips,godot,horizon,improvement,,,lifetime,mbed,niche,opcua,perfor,,reflextion,sdio,tester,ution.,vit,wms,,,
advantage,black,centric,define,elk,firebase,goland,horovod,improvements,,,lifting,mbist,nimble,open,perforce,,regard,sdk,testing,utm,vital,wmt,,,
advantageous,blackduck,ceo,defined,ell.,firefox,golang,host,improving,,,light,mbuster,nips,openai,perform,,regarding,sdl,testng,utmost,vitalcare,wo,,,
adversarial,blacklisting,cep,defining,elm,firehose,gold,hosting,ims,,,lighthouse,mbxnft,nist,openal,performance,,region,sdlc,testrail,utransfer,vitals,wonde,,,
advertising,blade,cepts.,definition,eln,firestore,gonic,hosts,imu,,,lighting,mbxstation,nit.,openapi,performant,,regional,sdn,tests,uv,vite,wonderwall,,,
advice,blame,cerem,definitions,elt,firewall,good,hotbackup,imus,,,lightllm,mbxswap,nkins.,opencad,performing,,regions,sdp,tests.,uvicorn,vite.js,word,,,
advise,blas,cert,degradation,em,firewalls,goods,hotjar,imx.,,,lightning,mcal,nlb,opencascade,peripheral,,registration,sdram,teway.,uvm,viteci,wordpress,,,
advnaced,blazor,certicos,degree,email,firm,google,houdini,inapppurchase,,,lightsail,mcat,nlg,openchain,peripherals,,registry,sds,tex,uwb,vitest,work,,,
advocating,bldc,certifica,del,embed,firmware,googledocs,hour,inception,,,lightweight,mcg,nlp,opencl,permissions,,regreesion,sdv,text,ux,viton,work.,,,
adw,ble,certificate,delight,embeddded,firmwares,googletest,hours,incident,,,lightweighting,mcp,nlu,opencloud,perseverance,,regression,sdx,texture,ux.,vits,workato,,,
aeb,bleder,certification,deliver,embedded,first,goorm,house,incidents,,,like,mcs,nmap,opencv,persistent,,regular,se,tf,uxui,viva,worked,,,
aec,blems.,certifications,deliverable,embedding,fishscope,gopher,how,include,,,likely,mcu,nment.,openfeign,perso,,regularly,seaborn,tflite,,vivar,worker,,,
aem,blended,certified,deliverables,embeded,fit,gorm,hpc,includes,,,likes.,mcus,nmt,openflow,person,,regulations,seamless,tfs,,vl,workers,,,
aerial,blender,certifiers,delivered,emc,fix,goroutine,hpdc,including,,,likey,md,nn,openfoam,personable,,regulatory,seamlessly,tft,,vlan,workfl,,,
aerospace,blendshape,certik,delivering,eme,fixed,got,hpdf,income,,,limited,mdm,no.,opengles,personal,,reinforcement,search,tgi,,vlans,workflow,,,
aesthetic,bleu,ces,delivery,ement.,fixing,govern,hr,incoming,,,limiting,meaningful,noc,openid,personalization,,related,searchright,thanos,,vliw,workflows,,,
afa,bloc,ces.,dellemc,emergency,fl,governa,hrd,incorporates,,,lims,means,node,openlayers,personas,,relation,seasoned,theano,,vllm,working,,,
afety.,block,cesiumjs,delphi,emerging,flag,governance,hrm,increased,,,lin,measure,node.js,openllm,personnel,,relational,seat,their,,vllo,worklist,,,
affic.,blockchain,cex,delta,emi,flake,gpac,hrms,increasing,,,line,measurement,nodit,openmesh,perspect,,relationships,sec,them,,vlm,workload,,,
affiliate,blockers,cfa,deltalake,emmc,flame,gpc,hsm,incredibuild,,,line.,measures,noise,openmp,perspective,,relayer,second,them.,,vm,workloads,,,
ag,blocking,cfd,dem,emnlp,flash,gpgpu,hters.js,increment,,,lineage,measuring,nol,opensearch,perspectives,,release,secops,thema,,vme,workmobile,,,
agc,blog,cff,demand,emotet,flatten,gpio,htiml,ind,,,linear,mece,nom,openshift,pet,,released,secret,theme,,vms,workplace,,,
age,bloomberg,cft,demisto,empathetic,fleet,gpl,htm,independent,,,liner,mech,non,opensource,pf,,releasing,secs,then,,vmware,works,,,
age.,blot,ch,demo,emphasis,flexible,gpp,html,independently,,,lines,mechanical,nordic,openssl,pfc,,relevance,secui,theoretical,,vntg,works.,,,
agency,blue,chain,demonstrable,employee,flexity,gprc,htmx,index,,,lines.,mechanism,normal,openstack,pfct,,relevant,secure,theory,,voc,workshop,,,
agent,blueprint,chainer,demonstrate,employees,flexlayout,gps,htp,indexeddb,,,linguistics,mechanisms,normalization,opentelemetry,pfm,,reliab,security,therapeutics,,vocoder,workshops,,,
agentic,bluetooth,chakra,demonstrated,empower,flict.,gpt,hts,indexer,,,link,mechatronics,normally,openvino,pg,,reliabil,see,there,,vod,workspace,,,
agents,bm,chalice,demonstrating,empowered,flight,gpu,hts.,indexing,,,linkedin,med,north,openvx,pgmp,,reliability,seed,thermal,,voice,worl,,,
agers.,bmc,chall,deno,empowering,flip,gpudirect,http,indicators,,,linker,media,nos,opera,pgsql,,reliable,seek,thers.js,,voip,world,,,
aggregated,bms,challen,denoising,emr,flipped,gpus,https,individual,,,lint,mediacapabilities,nosql,operate,pgvector,,relic,seeking,these,,voltage,worldwide,,,
aggregating,bmt,challenge,dentbird,emro,flipster,grab,huawei,individuals,,,linter,mediaconvert,notebook,operating,ph.,,remaining,seeks,these.,,volume,worst,,,
aggregation,bnk,challenges,dentistry,emrocloud,flit,gradio,hub,indus,,,linux,mediapipe,noteme,operation,ph..,,remediation,segment,they,,vop,would,,,
aggregator,bnpl,challenging,dep,ems,float,gradle,hudi,industrial,,,lip,mediaserver,notes,operational,phantom,,reminder,segmentation,thingworx,,voxel,wowpass,,,
agi,board,champion,depar,ems.,floorplan,graduate,hue,industries,,,liquid,medical,notification,operations,phase,,remix,segregation,think,,vp,wp,,,
agile,boards,change,departments,emscripten,flowise,grapesjs,hugging,industry,,,liquidity,medicine,notifications,operator,phasic,,remote,select,thinker,,vpc,wp.,,,
agnostic,bobf,changes,depend,emv,flows,graph,huggingface,indy,,,lisa,meditation,novel,opic,phd,,removal,selection,thinking,,vpe,wpf,,,
agoda,boc,changing,dependancy,en,fltk,graphdb,human,ine.,,,list,medusa,novice,opportun,phi,,ren,selective,thinq,,vpn,wrangling,,,
agreement,body,channel,dependency,enable,fluency,graphic,humans,inefficiencies,,,listed,meet,nowcom,opportunities,phies.,,rence.,self,third,,vpp,write,,,
agv,bodyall,channels,depending,enabler,fluent,graphics,humble,iness.,,,listening,meetings,np,ops,phone,,rency.,sellercanvas,thirdparty,,vps,writer,,,
ai,boltzmann,chapter,deploy,enables,fluentbit,graphol,hungry,infe,,,listing,meetups,npm,ops.,photorealistic,,rendering,semantic,thkc,,vpx,writing,,,
ai.,bom,char,deployed,enabling,flume,grasp,hunting,inference,,,lit,megatron,npo,opsec,photoshop,,renesas,semi,thods.,,vqa,written,,,
aia,book,character,deploying,ences.,flutter,grasshopper,hutom,infineon,,,lite,megvii,npp,opsgenie,photowidget,,rep,semiconductor,those,,vr,ws,,,
aid,books,characterist,deployment,encoder,flux,great,hvx,infiniband,,,literacy,melgan,npu,optic,phpstorm,,repair,semiconductors,thoug,,vrew,wsi,,,
aided,boost,characteristics,deployments,encourage,fly,grey,hw,influence,,,lithography,member,nr,optical,phthon,,repl,sems,thoughtful,,vrf,wsl,,,
aiden,booster,charge,depoly,encourages,flyway,grid,hwpx,influencing,,,live,members,nrf,optics,phy,,replica,senior,thoughts,,vrrp,wsop,,,
aidt,boot,charging,depower,encryption,fm,grity.,hy,inform,,,livedata,memorial,nsap,optimal,physcial,,replication,seniority,thread,,vs,wsus,,,
aim,booting,charles,depth,end,fmeda,grooming,hybrid,informal,,,liveplayer,memory,nsors.,optimium,physical,,repo,sense,threaded,,vsan,wwd,,,
aimed,bootloader,charlse,derivatives,endless,fmp,ground,hyde,information,,,liveview,mems,nsql,optimiz,physically,,report,sensing,threading,,vsc,www,,,
aiming,bootstrap,chart,descri,endlessly,fmri,grounded,hydrodynamics,informed,,,living,mendix,nsuslab,optimization,physics,,reporting,sensor,threat,,vscode,www.stpc.ai,,,
aimstack,bose,chart.js,describe,endpoint,fms,grounding,hydrogen,infoseer,,,lkboot,mental,nsx,optimizations,phython,,reports,sensors,threats,,vslam,wysiwyg,,,
ainex,both,charts,description,ene,focus,group,hygraph,infotainment,,,ll,mentor,nt,optimize,phyton,,repository,sentbe,three,,vsphere,,,,
aints.,bottleneck,chat,design,energy,focused,groups,hyper,infra,,,llama,mentoring,ntrol.,optimized,pi,,representation,sentencetransformer,three.js,,vtk,,,,
aiohttp,bottlenecks,chatbot,designated,enerzaiinc,fod,grow,hyperledger,infra.,,,llama.cpp,mentorship,nts.,optimizing,pia,,reproduction,sentiment,threejs,,vtk.,,,,
aiops,bound,chatcpt,designed,eness.,fold,growing,hypervisor,infrablockchain,,,llamaindex,ments.,nuclio,option,pid,,request,sentry,thrive,,vtol,,,,
aip,boundary,chatgpt,designer,enforce,follow,growth,hyperworks,infradid,,,llm,meras.,nuget,optional,pig,,requests,sentryci,thrives,,vtune,,,,
air,bounding,cheat,designers,enforceable,followed,grp,hyundai,infrastru,,,llmops,merchant,nulab,oracle,pil,,require,seo,thriving,,vue,,,,
airbridge,box,check,designhub,eng,following,grpcio,,infrastructure,,,llms,merge,numeric,oral,pill,,required,seoul,throttling,,vue.js,,,,
airbyte,bpm,checkly,designing,engage,food,grunt,,infrastructures,,,lls.,mes,numerical,orcad,pilleye,,requireme,seoulz,throu,,vueone,,,,
airohive,brain,checkout,designs,engagement,force,gs,,ing.,,,llvm,mes.,numpy,orchestrated,pillo,,requirement,sepoasoft,throughput,,vuetify,,,,
airplay,branch,chef,desirable,engages,force.,gsap,,ingestion,,,lm,mesh,nutanix,orchestrating,pilot,,requirements,seq,thunk,,vuetwo,,,,
aiv,branches,cheminformatics,desire,engaging,force.com,gstreamer,,ingly.,,,lmm,meshing,nutrition,orchestration,pinderland,,requires,sequ,thus,,vulkan,,,,
ajax,brand,chemistry,desk,enges.,forecast,gtihub,,ingress,,,lms,message,nux,orchestrator,pinecone,,requiring,sequelize,thymeleaf,,vulnerability,,,,
aking.,brary.,chief,desktop,engi,forecasting,gtk,,inhouse,,,load,messagequeue,nuxt,order,ping,,requisites,sequence,thymleaf,,vuno,,,,
aks,braze,chinchilla,detail,engine,forefront,gtm,,initiate,,,loader,messaging,nuxt.js,orean.,pinia,,rerank,sequlize,ti,,vvc,,,,
al,break,ching.,detailed,engineer,foreign,guacamole,,initiative,,,loading,messenger,nvidia,organically,pinlayout,,reranker,ser,tibero,,vx,,,,
alameda,breaker,chip,details,engineering,forensics,guage.,,initiatives,,,loadrunner,met,nvme,organiz,pinn,,reranking,serdes,tices.,,vxlan,,,,
alan,breaking,chipset,detect,engineers,forest,guarantee,,inje,,,loads.,meta,nvmeof,organizat,pinot,,res.,serial,ticket,,vxworks,,,,
alb,bricks,chitchat,detection,enginneer,forgerock,guardduty,,injection,,,lobal.com,metal,nvr,organization,pinpoint,,resea,serializer,tidl,,,,,,
alembic,bridge,choice,detector,engl,form,gui,,ink,,,loca,metallurgy,nw,organizational,pioneering,,research,series,tier,,,,,,
alent.,bridging,chome,determine,english,formal,guice,,inmemory,,,local,metarverse,nx,organizations,pip,,researcher,serv,tile,,,,,,
alert,bring,chroma,detox,enhance,formality,guidance,,inno,,,localization,metasleuth,nxp,organize,pipe,,researchers,serve,tiles,,,,,,
alerting,broad,chromatic,dev,enhancement,format,guide,,innov,,,localstack,metaverse,nxt,organizing,pipeline,,residual,serveless,time,,,,,,
alerts,broadcasting,chrome,develo,enhancements,formation,guided,,innovate,,,localstorage,meter,,orientation,pipelines,,resilience,servelet,time.,,,,,,
algebra,broadcom,chunking,develop,enhancing,formats,guideline,,innovati,,,location,meth,,oriented,pipelining,,resilient,server,timeline,,,,,,
algor,broker,ci,developed,enjoy,formatter,guidelines,,innovation,,,locations,method,,origin,pipline,,resolution,serverful,timelines,,,,,,
algorithm,brokers,cia,developer,enkorstay,formik,guiding,,innovative,,,log,methodchannel,,orin,pitch,,resolve,serverless,timely,,,,,,
algorithmic,bronze,cicd,developers,enkorwithus,forms,gular.js,,innovators,,,logcat,methodol,,ork.,pivotal,,resolving,servers,timeouts,,,,,,
algorithms,browser,cinev,developing,enrollment,forms.,gunicorn,,inpainting,,,logging,methodologies,,orm,pixel,,resour,servi,timer,,,,,,
alibaba,browserify,cio,developm,ensemble,formula,gurobi,,input,,,logic,methodology,,ort,pixhawk,,resource,service,times,,,,,,
alies.,browserstack,circleci,development,ensure,forti,gurumdds,,ins,,,logical,methods,,ortem.,pjt,,resources,servicemesh,times.,,,,,,
align,browsing,circuit,developments,ensuring,fortigate,guzzle,,insepctor,,,login,metric,,ory.,pkcs,,resourece,services,timescale,,,,,,
aligned,bs,cisa,devexpress,ent.,fortinet,gw,,insert,,,logistics,metrics,,os,pkg,,respective,serving,timescaledb,,,,,,
aligning,bso,cisco,devi,enterprise,forward,,,insight,,,logs,metrology,,os.,pki,,respond,servlet,timeseries,,,,,,
alignment,bsoc,cisia,device,entertainment,fos,,,insights,,,logstash,metry.,,oscilloscope,pl,,responding,servoing,timing,,,,,,
alist.,bsp,cism,devices,entgo,fossology,,,inspection,,,loki,mev,,oscp,place,,response,servr,tims,,,,,,
ality.,bss,ciso,devon,enthusiast,foster,,,inspector,,,lombok,meva,,osd,placement,,responsibilities,ses,tinacms,,,,,,
allegro,bsw,cissp,devops,enthusiastic,fostering,,,inspix,,,long,mfa,,ose.,plain,,responsibility,ses.,tions.,,,,,,
allet.,bt,citeasy,devplay,entia.,foundation,,,installation,,,longhorn,mfc,,osgi,plan,,responsible,session,tip,,,,,,
alliance,btp,citizens,devrel,entire,foundational,,,installer,,,look,mfi,,osi,plane,,responsibly,sessions,tips,,,,,,
allocation,bts,citrix,devsecops,entitlement,founder,,,instance,,,looki,mg,,osint,planned,,responsiv,set,tiptap,,,,,,
allosteric,bubble,civitai,dex,entity,foundry,,,institutions,,,looking,mgmt,,osmu,planning,,responsive,sets,tire,,,,,,
alm,bucket,cj,df,ently.,fp,,,instruction,,,loop,mha,,osori,plans,,responsiven,sett,tists.,,,,,,
alops,bud,cjat,dfa,entra,fpd,,,instrumental,,,looper,mi,,oss,plans.,,responsiveness,setting,titan,,,,,,
alpack,buddy,cjs,dfe,entraid,fpga,,,instruments,,,loose,miccai,,ossec,plants,,rest,settlus,titanic,,,,,,
already,budget,ck,dfm,entrepreneurial,fpgas,,,inte,,,lora,micoropayment,,ostly.,plask,,restapi,setup,title,,,,,,
als.,buefy,cka,dft,entry,fprobe,,,integrate,,,lorawan,micro,,osx,plat,,restart,sever,tives.,,,,,,
also,buffer,ckad,dgnss,entry.,fra.,,,integrated,,,los,microchip,,ot,platfo,,restful,several,tizen,,,,,,
altair,bug,ckend.ai,dhcp,enviro,fram,,,integrating,,,lot.,microcontroller,,ota,platform,,restfulapi,sfm,tk,,,,,,
alternate,bugs,cks,di,environ,frame,,,integration,,,love,microcontrollers,,oteme.me,platforms,,restfull,sfm.,tl,,,,,,
altium,bugsnag,cl,dia,environm,framer,,,integrations,,,low,microprocessor,,oth,platfrom,,restfup,sft,tls,,,,,,
alto,bugzilla,clang,diagnose,environme,framewark,,,integrity,,,low.,microservice,,other,platorm,,restify,sftp,tls.,,,,,,
alzheimer,bui,clarification,diagnosing,environment,framewoek,,,intel,,,loyed.,microservices,,others,play,,restore,sg,tly.,,,,,,
am,build,clarity,diagnosis,environments,framewok,,,intelij,,,lpddr,microsoft,,oting.,playback,,restrictions,sge,tm,,,,,,
amazing,builder,clas,diagnostics,envoy,framewor,,,intelligence,,,lpic,mid,,otion.js,player,,result,sglang,tmap,,,,,,
amazon,building,class,diagram,eol,framework,,,intelligent,,,lpwa,middle,,otp,playready,,resulting,shadcn,tment.,,,,,,
amba,buildkite,classic,diagrams,eople.,frameworks,,,intellij,,,ls,middleware,,ott,plays,,results,shader,tmi,,,,,,
ambarella,buildroot,classification,dialogue,eosio,framwork,,,intensive,,,lsm,middlware,,ott.,playstore,,resume,shading,tml,,,,,,
ambient,builds,claude,dicom,eox,freamwork,,,intent,,,lsp,midjourney,,our,playwrite,,reswift,shadow,tms,,,,,,
ambiguity,built,clean,dictionary,epas,free,,,intentions,,,lstm,migartion,,ouses.,plc,,retail,shaka,toast,,,,,,
ambiguous,bulk,cleansing,did,epm,freertos,,,inter,,,lte,migr,,ously.,plcc,,retain,shaker,tod,,,,,,
amd,bullet,clear,differe,epm.,freesurfer,,,interact,,,lture.,migration,,outa,pldi,,retention,shape,todo,,,,,,
america,bullmq,clearly,different,epoll,freezed,,,interaction,,,ltv,migrations,,outco,please,,retool,shapefile,toefl,,,,,,
amhs,bumps,cli,differential,eps,frequency,,,interactive,,,lucene,mikro,,outlined,pll,,retrieval,shapely,toeic,,,,,,
ami,bun,clicker,difficult,ept.,frictionless,,,interdisciplinary,,,luigi,mil,,outlook,plm,,retriever,sharding,tof,,,,,,
aml,bundle,clickup,diffusion,epu,friendly,,,interest,,,lunit,milestone,,outlookweb,plot,,reudx,share,together,,,,,,
ammo.js,bundler,clie,digital,epub,frnamework,,,interested,,,luniverse,milestones,,outpainting,pls,,reusable,shared,toggle,,,,,,
amp,burnfit,client,digitial,eqc,fromm,,,interests,,,lus.,million,,outputs,plugin,,revamp,sharepoint,token,,,,,,
amphora,bus,clinet,diligence,equalizer,front,,,interfa,,,lut,milvus,,overall,plume.,,reverse,sharing,tokenization,,,,,,
amplifier,busin,clinical,dimming,equipment,frontend,,,interface,,,lv,mimic,,overarching,plus,,reverseetl,sharpen,tokenizer,,,,,,
amplify,business,clip,dio,equipped,frontier,,,interfaces,,,lvds,mimir,,overflow,plus.,,reversing,sharpness,tokio,,,,,,
amplitude,buttery,clipo,dip,equipping,frontvision,,,interfacing,,,lving.,mind,,overhead,ply,,review,shcillace,tole,,,,,,
amqp,button,clm,direct,equiv,frop,,,intermec,,,lvm,mindedness,,oversee,pm,,reviewing,sheet,tolerance,,,,,,
amr,buy,clo,directconnect,equivalent,fsl,,,intermediate,,,lvs,mindfulness,,ovirt,pmbok,,reviews,sheets,tolerant,,,,,,
ams,buybly,clock,direction,erage.,fsp,,,intern,,,lwc,minds,,ovp,pmd,,revolutionize,shell,tomcat,,,,,,
ams.,buyer,clocking,directly,erc,fsr,,,internal,,,lwind.js,mindset,,ovs,pment.,,revolutionizing,shield,tomer.,,,,,,
amundsen,buying,clone,directory,erd,fss,,,internally,,,lwm,mini,,owa,pmf,,rewarding,shift.,toms,,,,,,
amx,buyingreal,close,directshow,ering.,fsw,,,internals,,,lysis.,miniai,,own,pmi,,rewards,shifter,ton,,,,,,
ana,buzzbenefit,closely,directx,erp,ftcgv,,,international,,,lysn,minifilter,,owner,pmic,,rework,shifts,tool,,,,,,
anaconda,bw,closure,diretory,erpnext,ftp,,,internet,,,,minimal,,owners,pmo,,rf,shion.,toolchain,,,,,,
analog,bylon.js,cloud,disagree,erred.,fulfillment,,,interpersonal,,,,minimize,,ownership,pmp,,rfc,ship,toolchains,,,,,,
analsis,,cloud.,discipl,error,fulfilment,,,interplanetary,,,,minimum,,ows.,pms,,rfi,shipment,tooldi,,,,,,
analy,,cloudflare,disciplinary,ers,full,,,interpretation,,,,mininet,,,pmsm,,rfid,shipping,toolformer,,,,,,
analyitcs,,cloudformation,discipline,ers.,fullnode,,,interpreter,,,,mining,,,pnadas,,rfp,sho,tooling,,,,,,
analyses,,cloudfront,disciplined,erver.,fullstack,,,interpreting,,,,minio,,,png,,rfq,shooting,toolkit,,,,,,
analysis,,cloudfunction,disciplines,erwin,fully,,,interprocess,,,,minutiae,,,pnp,,rfsoc,shop,toolkitpro,,,,,,
analyst,,cloudkit,discover,es,function,,,interrupt,,,,mipi,,,pnpm,,rgb,shopify,toolkittypescriptsass,,,,,,
analystics,,cloudnative,discovery,esbuild,functional,,,inters,,,,mips,,,pns,,rgbd,shopl,tools,,,,,,
analytic,,cloudops,discrepancies,esc,functionalities,,,intersection,,,,mircoservice,,,po,,rhaap,shoplive,tools.,,,,,,
analytical,,cloudrun,discusion,escalation,functionality,,,interspeech,,,,mirroring,,,poc,,rhce,shopping,top,,,,,,
analyticdid,,clouds,discuss,esg,functions,,,interstate,,,,misp,,,pocs,,rhel,shops.,topcoder,,,,,,
analytics,,cloudsql,discussing,esh.,fundamental,,,interview,,,,misra,,,pod,,rhino,shore,topic,,,,,,
analyze,,cloudstack,discussion,esign.,fundamentals,,,interx,,,,missing,,,podman,,rhlf,short,topics,,,,,,
analyzer,,cloudtrail,discussions,esim,funnel,,,intimacy,,,,mission,,,pods,,rhocp,shortage,topik,,,,,,
analyzing,,cloudwatch,disease,esl,funtional,,,intimate,,,,misson,,,poetry,,rhosp,shot,topologies,,,,,,
anban.,,clould,diseases,eslint,further,,,intra,,,,mistral,,,point,,ri,should,torch,,,,,,
anchor,,clova,disk,esm,fusa,,,intrinsic,,,,mit,,,pointcloud,,rials.,show,torchserve,,,,,,
andra.,,club,diso,esnext,fusing,,,introduction,,,,mitig,,,points,,riate.,showcase,tornado,,,,,,
android,,clue,disorders,esp,fusion,,,intrusion,,,,mitigate,,,poker,,rich,shuttle,tortoise,,,,,,
androidos,,cluodfront,dispatchers,especially,future,,,intuitive,,,,mitigation,,,polarion,,rigging,si,toss,,,,,,
androidtv,,cluster,dispatching,espnet,futures,,,intune,,,,mitm,,,polaris,,right,si.,tot,,,,,,
angeles,,clustering,dispenser,espressif,futurology,,,inventor,,,,mitre,,,polars,,rigid,sid,touch,,,,,,
anges.,,clusters,dispersed,espresso,fvm,,,inventory,,,,mix,,,policies,,rigorous,side,towards,,,,,,
angles,,cm,display,ess.,fw,,,invents,,,,mixed,,,policy,,rings.,sidechain,tower,,,,,,
angluar,,cmake,disposability,essay,fx,,,inverse,,,,mixpanel,,,polkadot,,ripple,sided,toy,,,,,,
angularjs,,cmm,disruptive,essential,,,,investigate,,,,mjs,,,pollex,,risc,sides,tpami,,,,,,
animation,,cmmi,disseminate,esses.,,,,investors,,,,mk,,,polling,,risk,sidushq,tpm,,,,,,
ann,,cmo,dist,est,,,,invite,,,,mktv,,,poly,,risks,sie,tpms.,,,,,,
anner.,,cmos,distillation,est.,,,,involve,,,,mkyu,,,polygon,,rive,siem,tpms.*,,,,,,
annotation,,cmp,distinct,establish,,,,involved,,,,ml,,,polyline,,riverpod,siemens,tpo,,,,,,
annotator,,cms,distortion,establishing,,,,involvement,,,,mlange,,,polynomial,,rke,siggraph,tps,,,,,,
anom,,cmsis,distributed,estate,,,,io,,,,mlapi,,,pop,,rkers.,sigma,tpu,,,,,,
anomalies,,cn,distributing,estimation,,,,io.,,,,mlc,,,popular,,rl,sign,tpus,,,,,,
anomaly,,cna,distributors,estimator,,,,iocare,,,,mle,,,port,,rld.,signal,tr,,,,,,
another,,cnai,dit,estsoft,,,,iocp,,,,mled,,,portable,,rlhf,signalr,tra,,,,,,
ansi,,cnapp,dive,esxi,,,,ioi,,,,mles.,,,portainer,,rllib,significant,trac,,,,,,
answer,,cnc,diverse,eta,,,,ion.,,,,mlir,,,portal,,rman,significantly,trace,,,,,,
answering,,cncf,division,etail.,,,,ionic,,,,mlkit,,,ported,,rms,signoff,traceability,,,,,,
ansys,,cni,diy,etc,,,,ios,,,,mllm,,,portfolio,,rms.,sil,tracefs,,,,,,
ant,,cnn,djang,etc.,,,,ios.,,,,mlops,,,porting,,rmw,siliver,tracing,,,,,,
antagonistic,,cnns,django,etf,,,,iot,,,,mlse,,,portone,,rn,sim,track,,,,,,
antd,,cntk,djangorestframework,eth,,,,ip,,,,mm,,,portpolio,,rnd,simd,tracked,,,,,,
antelope,,co,dkim,ethercat,,,,ipa,,,,mma,,,pos,,rning.,similar,tracker,,,,,,
antenna,,coa,dl,ethereum,,,,ipad,,,,mmdetection,,,posal.,,rning.ai,simple,tracking,,,,,,
anthropic,,coach,dla,ethernet,,,,ipc,,,,mmorpg,,,pose,,rnn,simplify,trade,,,,,,
anti,,coaching,dlib,ethers,,,,ipcam,,,,mmp,,,poseestimation,,rnr,simulated,tradeoff,,,,,,
anticipate,,coap,dll,ethics,,,,ipcc,,,,mmting,,,posit,,ro,simulation,traders,,,,,,
antlr,,cobit,dller.,ethos,,,,ipfix,,,,mmu,,,position,,roa,simulator,trading,,,,,,
any,,cobot,dlp,etion.,,,,ipfs,,,,mnc,,,positioning,,road,simulators,traditional,,,,,,
any.,,cochl,dm,etl,,,,ipl,,,,mnet,,,positive,,roadm,simulink,traffic,,,,,,
anysigncloud,,cockpit,dma,etlt,,,,ipo,,,,mo,,,possess,,roadmap,simultane,train,,,,,,
anything,,cocoa,dmapp,etpip.com,,,,ipp,,,,moba,,,possesses,,roadmaps,simultaneously,trained,,,,,,
anytime,,cocoapods,dmaps.,etter.,,,,ips,,,,mobile,,,possession,,roas,singapore,training,,,,,,
anywhere,,cocos,dmarc,etw,,,,ipsec,,,,mobility,,,post,,roberta,single,traject,,,,,,
aoai,,code,dmbs,eu,,,,ipsecvpn,,,,moblie,,,postgis,,robinhood,singlestore,trans,,,,,,
aop,,code.,dml,eudi,,,,ipt,,,,mockery,,,postgre,,robolectric,sink,transaction,,,,,,
aos,,codebeamer,dmm,eureka,,,,iptables,,,,mocking,,,postgredb,,robot,sip,transceiver,,,,,,
aosp,,codebuild,dmp,europe,,,,iques.,,,,mockk,,,postgres,,robotic,sirt,transfer,,,,,,
ap,,codec,dms,ev,,,,ir,,,,modal,,,postgressql,,robotics,sis.,transform,,,,,,
apache,,codecommit,dna,evaluate,,,,iris,,,,modality,,,posting,,robots,sit,transformation,,,,,,
apex,,codedeploy,dnn,evaluating,,,,iros,,,,modbus,,,postm,,robust,site,transformer,,,,,,
api,,codejam,dns,evaluation,,,,isa,,,,mode,,,postman,,roce,sites,transformers,,,,,,
apigateway,,codejock,dnspy,evaluations,,,,isaac,,,,model,,,postmessage,,rocev,situ,translate,,,,,,
apis,,codelgniter,doc,evect,,,,isca,,,,model.*,,,postresl,,rocketmq,situational,translating,,,,,,
apis.,,codemirror,docenty,evels.,,,,iscsi,,,,modeling,,,potent,,rocky,situations,translation,,,,,,
apk,,codepipeline,dockerisze,event,,,,ise.,,,,models,,,potential,,rohs,six,translator,,,,,,
aplication,,codepush,dockerize,eventbridge,,,,iseb,,,,modem,,,potentiometer,,roi,size,transmitters,,,,,,
apm,,coder,dockerizing,eventbus,,,,ish.,,,,moderation,,,poucheye,,role,sk,transpa,,,,,,
apns,,codes,docs,events,,,,ision.,,,,modern,,,pov,,roles,skan,travel,,,,,,
app,,codeseries,doctor,ever,,,,ismp,,,,modernization,,,powder,,roles.,sketch,travelwallet,,,,,,
app.,,codesys,doctors,evm,,,,isms,,,,modernize,,,power,,rollout,sketchup,tree,,,,,,
appealing,,coding,document,evolves,,,,iso,,,,modify,,,powerbi,,rollouts,ski,trend,,,,,,
apple,,codit,documentai,evoq,,,,isort,,,,modular,,,powered,,rollup,skia,trends,,,,,,
applian,,cognitive,documentation,evse,,,,isp,,,,modularization,,,powerpoint,,rom,skill,triage,,,,,,
appliance,,cognito,documentdb,ewals.,,,,isr,,,,modularize,,,powershell,,romp,skilled,tribe,,,,,,
applic,,cohere,documented,eways.,,,,issac,,,,modularized,,,pp,,rones.,skills,tricks,,,,,,
applica,,cohort,documenting,ewm,,,,issue,,,,module,,,ppg,,room,skillset,tricore,,,,,,
applicaion,,coin,documents,ework.,,,,issues,,,,modules,,,ppo,,root,sklearn,trics.,,,,,,
applicaiton,,coinbase,docx,ex,,,,istqb,,,,moiime,,,ppopp,,ros,sks.,tries.,,,,,,
applicants,,colab,dod,ex.,,,,isv,,,,molecule,,,pport.,,rotation,skt,trigger,,,,,,
applicati,,collabor,doing,exadata,,,,it.,,,,moment,,,ppp,,rotations,skynet,triggers,,,,,,
application,,collaborat,dolfin,examine,,,,itac,,,,monaco,,,pps.,,rouge,sla,trimmer,,,,,,
applications,,collaborate,dolly,example,,,,itect.,,,,monask,,,ppt,,rough,slam,trip.com,,,,,,
applicatoin,,collaborates,dom,examples,,,,item,,,,mongdb,,,pr,,rounding,slc,trise.,,,,,,
applied,,collaborating,domain,exceed,,,,items.,,,,mongo,,,prac,,route,sleep,triton,,,,,,
apply,,collaboration,domains,excel,,,,itera,,,,mongo.js,,,practi,,router,sleepq,tritonserver,,,,,,
applying,,collaborative,domestic,excell,,,,iteration,,,,mongoose,,,practical,,routers,sli,trobleshooting,,,,,,
appreprocessing,,collaboratively,domestically,excellence,,,,iterative,,,,monitor,,,practice,,routine,slicing,trouble,,,,,,
appro,,colleagues,don,excellency,,,,itgc,,,,monitoring,,,practices,,routing,slide,troublesho,,,,,,
approach,,collect,done,excellent,,,,ith.,,,,monitors,,,pragmatic,,rp,slim,troubleshoot,,,,,,
approp,,collectd,donus.org,exceptional,,,,ithms.,,,,mono,,,prcessing,,rpa,sllm,troubleshooting,,,,,,
appropri,,collection,doors,exchange,,,,ithub.,,,,monogdb,,,prd,,rpc,slm,trpc,,,,,,
appropriate,,collective,dor,exclusive,,,,ities.,,,,monolithic,,,pre,,rpg,slo,trs,,,,,,
approve,,collectively,dot,execute,,,,itil,,,,monorepo,,,preach,,rpo,slow,TRUE,,,,,,
approximate,,colo,dots,executed,,,,itk,,,,monster,,,precision,,rquest,slowtalk,truly,,,,,,
apps,,color,double,executing,,,,ito,,,,month,,,predict,,rs,slurm,trust,,,,,,
apps.,,colton,downloader,execution,,,,itors.,,,,mooc,,,prediction,,rship.,sm,trustfulness,,,,,,
appsealing,,colyseus,downtime,executive,,,,its,,,,morden,,,predictive,,rsu,small,trustzone,,,,,,
appserver,,combination,doxygen,exercise,,,,itsm,,,,more,,,pref,,rt,smart,try.,,,,,,
appsflyer,,combine,dp,exhaustive,,,,ity.,,,,more.,,,prefect,,rtb,smartcontract,ts,,,,,,
appsmith,,combo,dpdk,eximbay,,,,iumjs.,,,,mos,,,preferably,,rtc,smartdoctor,tsdb,,,,,,
appstore,,combobox,dpo,existed,,,,iv,,,,mosaic,,,preferen,,rtcp,smartphone,tsp,,,,,,
appstream,,come,dpt,existing,,,,ive.,,,,most,,,preferences,,rtd,smartsheet,tsup,,,,,,
appsync,,cometbft,dpu,exp,,,,ively.,,,,mothod,,,preferred,,rti.,smartthings,tsx,,,,,,
aps.,,comfort,dq,expand,,,,ivery.,,,,motion,,,prefix,,rting.,smartx,tters.,,,,,,
apt,,comfortable,dqe,expanding,,,,ivi,,,,motiv,,,prem,,rtise.,smd,ttp,,,,,,
aptos,,comfyui,dr,expansion,,,,iving.,,,,motivated,,,preminfrastructureengineer,,rtk,sme,tts,,,,,,
apy,,comm,dram,expe,,,,ivity.,,,,motivation,,,premis,,rtl,smes,tune,,,,,,
ar,,command,drawer,expect,,,,ivity.join,,,,motor,,,premise,,rtmp,smooth,tuner,,,,,,
arch,,comments,drawing,expectati,,,,ivr,,,,motors,,,premises,,rto,smoothed,tuning,,,,,,
archiecture,,commerce,drb,expectation,,,,ixp,,,,mou,,,prepare,,rtos,smoother,tunneling,,,,,,
archisketch,,commercial,drc,expectations,,,,,,,,move,,,preparing,,rtp,smoothing,tunning,,,,,,
archite,,commit,drf,expected,,,,,,,,movement,,,preprocessing,,rtsp,smpl,turbo,,,,,,
architec,,commitm,dri,expedia,,,,,,,,moving,,,preprocessor,,rtx,smps,turborepo,,,,,,
architect,,commitment,drill,expenses,,,,,,,,mp,,,preprocessors,,rule,smri,turborpeo,,,,,,
architected,,committed,drive,exper,,,,,,,,mpa,,,presales,,rum,sms,tured.,,,,,,
architecting,,committee,driven,experi,,,,,,,,mpany.,,,prescription,,run,smt,tured.io,,,,,,
architector,,committer,driver,experie,,,,,,,,mpany.kr,,,present,,rundeck,smtech,tures.,,,,,,
architectural,,common,drivers,experien,,,,,,,,mpc,,,presentation,,runner,smtp,turn,,,,,,
architecture,,commonjs,driving,experience,,,,,,,,mpef,,,preserving,,running,snapshot,tutor,,,,,,
architectures,,communic,drm,experienced,,,,,,,,mpeg,,,president,,runs,snd,tv,,,,,,
architecure,,communicat,droid.,experiences,,,,,,,,mpi,,,press.js,,runtime,snmp,tvm,,,,,,
architetrue,,communicate,drones,experimental,,,,,,,,mpp,,,pressure,,runway,snort,tvos,,,,,,
arcsight,,communicating,drp,experimentation,,,,,,,,mpu,,,pretrained,,rus,snow,tware.,,,,,,
arduino,,communication,drrip,expert,,,,,,,,mq,,,pretraining,,rust.,snowplow,twave.city,,,,,,
ardupilot,,communicator,drt,expertise,,,,,,,,mqtt,,,prettier,,ruthlessly,sns,twelve,,,,,,
are,,community,drug,experts,,,,,,,,mr,,,prevent,,rvice.,soak,twin,,,,,,
are.,,communtiy,ds,explain,,,,,,,,mrc,,,previous,,rview.,soap,twitter,,,,,,
area,,comp,dsi,explainability,,,,,,,,mri,,,pricing,,rvotfylpggd,soapui,two,,,,,,
areas,,companies,dsl,explainable,,,,,,,,mro,,,primary,,rvv,soar,tx,,,,,,
areas.,,companion,dsm,explanatory,,,,,,,,mrr,,,primetime,,rwa,soc,tyescript,,,,,,
arf,,company,dsp,explicitness,,,,,,,,ms,,,prince,,rwall.kr,socket,type,,,,,,
argo,,compatibility,dspace,explore,,,,,,,,msa,,,principle,,rx,sockjs,typed,,,,,,
argocd,,compensation,dsrc,explorer,,,,,,,,msc.,,,principles,,rxandroid,socs,typegraphql,,,,,,
argowf,,competencies,dss,exploring,,,,,,,,mse,,,print,,rxdart,sof,typeorm,,,,,,
arise,,competency,dt,expo,,,,,,,,msk,,,printer,,rxjava,soft,types,,,,,,
arkam,,competent,dti,export,,,,,,,,mskapache,,,printhub,,rxjs,softmax,typesciprt,,,,,,
arket.,,competing,dtx,exposed,,,,,,,,msm,,,prior,,rxkotlin,softw,typescrpit,,,,,,
arket.this,,competition,dual,exposure,,,,,,,,msp,,,priorit,,rxswift,software,typesrcipt,,,,,,
arkit,,competitions,dualsphysics,express,,,,,,,,msvc,,,priorities,,ryzen,softwares,typetalk,,,,,,
arm,,competitive,dubai,expression,,,,,,,,msw,,,prioritize,,,soh.,typscript,,,,,,
arm.,,compile,duck,expressions,,,,,,,,mts,,,prioritizing,,,soildwork,,,,,,,
armnn,,compiler,duckdb,extensible,,,,,,,,much,,,priority,,,soildworks,,,,,,,
arms,,compilers,ducts.,extension,,,,,,,,mui,,,prism,,,soket,,,,,,,
arp,,compl,due,extensions,,,,,,,,multi,,,prisma,,,sol,,,,,,,
arr,,complet,dump,extensive,,,,,,,,multidex,,,privacy,,,solana,,,,,,,
arrange,,complete,dune,external,,,,,,,,multidiscipline,,,private,,,solarwindws,,,,,,,
arrival,,completion,dures.,extract,,,,,,,,multilingual,,,privatecloud,,,soldering,,,,,,,
art,,complex,duties,extracting,,,,,,,,multimedia,,,privileges,,,solid,,,,,,,
art.,,complexity,dvcs,extraction,,,,,,,,multimodal,,,prm,,,solid.js,,,,,,,
artifact,,complia,dvr,extreme,,,,,,,,multiplatform,,,prnd,,,solidity,,,,,,,
artifactory,,compliance,dw,extremely,,,,,,,,multiplayer,,,pro,,,solidworks,,,,,,,
artificial,,compliant,dwide.,extrinsic,,,,,,,,multiple,,,proactive,,,solu,,,,,,,
artist,,complicated,dx,exynos,,,,,,,,multipotentionality,,,proactively,,,solution,,,,,,,
artistic,,compo,dxf,eye,,,,,,,,multiprocessing,,,probability,,,solutions,,,,,,,
artists,,component,dyna,ezeth,,,,,,,,multisig,,,probl,,,solv,,,,,,,
arts,,components,dynamic,,,,,,,,,multitask,,,problem,,,solve,,,,,,,
artwork,,composable,dynamiclink,,,,,,,,,multithread,,,problems,,,solver,,,,,,,
aruba,,compose,dynamics,,,,,,,,,multithreading,,,proc,,,solving,,,,,,,
ary.,,composer,dynamo,,,,,,,,,multitude,,,proce,,,some,,,,,,,
asap,,composition,dynamodb,,,,,,,,,multivision,,,procedu,,,sometimes,,,,,,,
asd,,comprehend,dynamoose,,,,,,,,,must,,,procedure,,,sonaqube,,,,,,,
asg,,comprehensive,dynaodb,,,,,,,,,mutation,,,procedures,,,sonic,,,,,,,
asia,,comprehensively,dynpro,,,,,,,,,muti,,,proces,,,sonnet,,,,,,,
asic,,compression,,,,,,,,,,mutil,,,process,,,soon,,,,,,,
asil,,compromises,,,,,,,,,,mutually,,,processes,,,soong,,,,,,,
asio,,computation,,,,,,,,,,mvc,,,processing,,,soop,,,,,,,
asm,,computational,,,,,,,,,,mvi,,,processor,,,sop,,,,,,,
asmdef,,compute,,,,,,,,,,mvp,,,processors,,,sorter,,,,,,,
asnyc,,computer,,,,,,,,,,mvs,,,prochart,,,sota,,,,,,,
aso,,computing,,,,,,,,,,mvt,,,procurement,,,sound,,,,,,,
asp,,compyui,,,,,,,,,,mvvm,,,prod,,,source,,,,,,,
asp.net,,comsol,,,,,,,,,,mwaa,,,produ,,,sourcery,,,,,,,
aspects,,con,,,,,,,,,,mwm,,,producer,,,sources,,,,,,,
aspice,,conatiner,,,,,,,,,,mxnet,,,product,,,sourcing,,,,,,,
asplos,,conccurrent,,,,,,,,,,my,,,production,,,south,,,,,,,
asr,,conceive,,,,,,,,,,mybatis,,,productive,,,sox,,,,,,,
assembling,,concept,,,,,,,,,,,,,productivity,,,sp,,,,,,,
assembly,,concepts,,,,,,,,,,,,,products,,,spa,,,,,,,
asses.,,concert,,,,,,,,,,,,,professional,,,space,,,,,,,
assess,,concise,,,,,,,,,,,,,professionalism,,,space.,,,,,,,
assessment,,concisely,,,,,,,,,,,,,proficiency,,,spam,,,,,,,
asset,,concur,,,,,,,,,,,,,proficient,,,spanish,,,,,,,
assign,,concurrency,,,,,,,,,,,,,profile,,,spanner,,,,,,,
assigned,,concurrent,,,,,,,,,,,,,profiler,,,spanning,,,,,,,
assignments,,conda,,,,,,,,,,,,,profiling,,,spark.,,,,,,,
assist,,condi,,,,,,,,,,,,,profound,,,sparkdatahub,,,,,,,
assistance,,conditions,,,,,,,,,,,,,prognosis,,,sparksql,,,,,,,
assistant,,conduct,,,,,,,,,,,,,progr,,,sparse,,,,,,,
assisted,,confer,,,,,,,,,,,,,program,,,spc,,,,,,,
assisting,,conference,,,,,,,,,,,,,programing,,,spdk,,,,,,,
associate,,conferences,,,,,,,,,,,,,programmatic,,,spdx,,,,,,,
associated,,conferencing,,,,,,,,,,,,,programming,,,spe,,,,,,,
association,,confidence,,,,,,,,,,,,,programminggpu,,,speak,,,,,,,
assumptions,,confident,,,,,,,,,,,,,programmingmultithread,,,speaker,,,,,,,
assurance,,config,,,,,,,,,,,,,programs,,,speaking,,,,,,,
assure,,configur,,,,,,,,,,,,,progrem,,,spearhead,,,,,,,
astarmize,,configura,,,,,,,,,,,,,progress,,,spearheading,,,,,,,
aster,,configurati,,,,,,,,,,,,,progressive,,,spec,,,,,,,
astm,,configuration,,,,,,,,,,,,,proguard,,,speci,,,,,,,
asymmetric,,configurations,,,,,,,,,,,,,proj,,,specialist,,,,,,,
async,,configurator,,,,,,,,,,,,,proje,,,specialists,,,,,,,
asynchronous,,configure,,,,,,,,,,,,,project,,,speciality,,,,,,,
asyncio,,configuring,,,,,,,,,,,,,projects,,,specialty,,,,,,,
ata.,,confleunce,,,,,,,,,,,,,promise,,,specific,,,,,,,
atdd,,conflict,,,,,,,,,,,,,promoting,,,specifically,,,,,,,
ate,,confluece,,,,,,,,,,,,,promotions,,,specification,,,,,,,
ategy.,,confluent,,,,,,,,,,,,,prompt,,,specifications,,,,,,,
ately.,,conflunce,,,,,,,,,,,,,prompts,,,specify,,,,,,,
atf,,connect,,,,,,,,,,,,,proof,,,specs,,,,,,,
athena,,connected,,,,,,,,,,,,,propel,,,spectacular,,,,,,,
ation.,,connection,,,,,,,,,,,,,proper,,,speculative,,,,,,,
ation.jl,,connectivity,,,,,,,,,,,,,property,,,speech,,,,,,,
atlantis,,connectors,,,,,,,,,,,,,propose,,,speed,,,,,,,
atlas,,cons,,,,,,,,,,,,,proposing,,,spere,,,,,,,
atlassian,,consequ,,,,,,,,,,,,,proprietary,,,spf,,,,,,,
atm,,consider,,,,,,,,,,,,,proptech,,,sph,,,,,,,
atmosphere,,consideration,,,,,,,,,,,,,pros,,,sphflow,,,,,,,
atomic,,considerations,,,,,,,,,,,,,protect,,,spi,,,,,,,
ats,,considering,,,,,,,,,,,,,protection,,,spice,,,,,,,
att,,consistency,,,,,,,,,,,,,protobuf,,,spice.,,,,,,,
attaching,,consistent,,,,,,,,,,,,,protocol,,,spider,,,,,,,
attack,,consistently,,,,,,,,,,,,,protocols,,,sping,,,,,,,
attend,,consisting,,,,,,,,,,,,,prototype,,,spinnaker,,,,,,,
attention,,console,,,,,,,,,,,,,prototypes,,,spir,,,,,,,
attitude,,consolidate,,,,,,,,,,,,,prototyping,,,spirit,,,,,,,
attribute,,consolidating,,,,,,,,,,,,,protv.com,,,spirng,,,,,,,
attributes,,constr,,,,,,,,,,,,,proven,,,spl,,,,,,,
aud,,constrained,,,,,,,,,,,,,provide,,,splitting,,,,,,,
audi,,constraint,,,,,,,,,,,,,provider,,,splunk,,,,,,,
audience,,constraintlayout,,,,,,,,,,,,,providers,,,spm,,,,,,,
audio,,constraints,,,,,,,,,,,,,provides,,,spm.,,,,,,,
audit,,construct,,,,,,,,,,,,,providing,,,spoiceworks,,,,,,,
auditd,,construction,,,,,,,,,,,,,provisi,,,spoken,,,,,,,
auditing,,constructive,,,,,,,,,,,,,prowler,,,spokesperson,,,,,,,
auditor,,constructor,,,,,,,,,,,,,proximity,,,sponsorship,,,,,,,
audits,,consult,,,,,,,,,,,,,proxmox,,,spoof,,,,,,,
augmentation,,consultant,,,,,,,,,,,,,proxy,,,spot,,,,,,,
augmented,,consumer,,,,,,,,,,,,,pruning,,,spotfire,,,,,,,
aunch.,,contact,,,,,,,,,,,,,ps,,,spotting,,,,,,,
aurora,,container,,,,,,,,,,,,,pseudo,,,spreadsheet,,,,,,,
auroradb,,containerd,,,,,,,,,,,,,psi,,,springbatch,,,,,,,
auth,,containerization,,,,,,,,,,,,,psim,,,springboottest,,,,,,,
authentic,,containerized,,,,,,,,,,,,,psirt,,,springcamp,,,,,,,
authentication,,containers,,,,,,,,,,,,,psm,,,springdoc,,,,,,,
author,,content,,,,,,,,,,,,,pspice,,,springframework,,,,,,,
authority,,contents,,,,,,,,,,,,,psr,,,sprint,,,,,,,
authorization,,context,,,,,,,,,,,,,psych,,,sprting,,,,,,,
auto,,contextual,,,,,,,,,,,,,pt,,,spss,,,,,,,
autocad,,continual,,,,,,,,,,,,,ptest.ai,,,spyglass,,,,,,,
autogpt,,continually,,,,,,,,,,,,,ption.,,,sqa,,,,,,,
autoit,,continuous,,,,,,,,,,,,,ptp,,,sqaud,,,,,,,
autolabeler,,continuously,,,,,,,,,,,,,ptq,,,sql,,,,,,,
autolayout,,contnets,,,,,,,,,,,,,pts,,,sql.,,,,,,,
autom,,contorl,,,,,,,,,,,,,ptz,,,sqlalchemy,,,,,,,
automakers,,contract,,,,,,,,,,,,,pub,,,sqld,,,,,,,
automate,,contracted,,,,,,,,,,,,,publ,,,sqldatabricks,,,,,,,
automated,,contrast,,,,,,,,,,,,,public,,,sqlite,,,,,,,
automatic,,contrastive,,,,,,,,,,,,,publication,,,sqlp,,,,,,,
automating,,contribute,,,,,,,,,,,,,publiccloud,,,sqoop,,,,,,,
automation,,contributer,,,,,,,,,,,,,publish,,,sqs,,,,,,,
automl,,contributing,,,,,,,,,,,,,published,,,squad,,,,,,,
automotive,,contribution,,,,,,,,,,,,,publisher,,,sr,,,,,,,
autonomous,,contributions,,,,,,,,,,,,,publishing,,,sr.,,,,,,,
autonomously,,contributor,,,,,,,,,,,,,publising,,,sram,,,,,,,
autonomy,,contributors,,,,,,,,,,,,,pubsub,,,sre,,,,,,,
autopilot,,control,,,,,,,,,,,,,pull,,,srm,,,,,,,
autosar,,controller,,,,,,,,,,,,,pulumi,,,srp,,,,,,,
av,,controlling,,,,,,,,,,,,,puppet,,,srs,,,,,,,
ava.,,controls,,,,,,,,,,,,,purchase,,,srt,,,,,,,
avaiablity,,controltower,,,,,,,,,,,,,pure,,,ssd,,,,,,,
availab,,convenience,,,,,,,,,,,,,puree.co,,,ssdlc,,,,,,,
availability,,convention,,,,,,,,,,,,,purpose,,,ssdr,,,,,,,
available,,conversation,,,,,,,,,,,,,pursue,,,sse,,,,,,,
avc,,conversational,,,,,,,,,,,,,pursuing,,,ssem,,,,,,,
avepoint,,conversion,,,,,,,,,,,,,push,,,ssg,,,,,,,
avfoundation,,convert,,,,,,,,,,,,,put.,,,ssh,,,,,,,
aviation,,converter,,,,,,,,,,,,,pv,,,ssl,,,,,,,
avl,,convey,,,,,,,,,,,,,pwa,,,sslvpn,,,,,,,
avn,,convolution,,,,,,,,,,,,,pwm,,,ssml,,,,,,,
avpt,,cooperating,,,,,,,,,,,,,px,,,sso,,,,,,,
avr,,coordinate,,,,,,,,,,,,,py,,,ssp,,,,,,,
avro,,coordinating,,,,,,,,,,,,,pycharm,,,ssr,,,,,,,
avx,,coordination,,,,,,,,,,,,,pycon,,,sst,,,,,,,
await,,copi,,,,,,,,,,,,,pydantic,,,ssues.,,,,,,,
awards,,copilot,,,,,,,,,,,,,pyhon,,,ssure.,,,,,,,
aware,,coppa,,,,,,,,,,,,,pyhthon,,,st,,,,,,,
awareness,,copy,,,,,,,,,,,,,pyhton,,,sta,,,,,,,
awcy,,copydata,,,,,,,,,,,,,pyomo,,,stability,,,,,,,
awr,,coral,,,,,,,,,,,,,pypdf,,,stable,,,,,,,
aws,,cordova,,,,,,,,,,,,,pyqt,,,stablediffusion,,,,,,,
awsbatch,,core,,,,,,,,,,,,,pyroscope,,,stack,,,,,,,
awslambda,,coreaudio,,,,,,,,,,,,,pyside,,,stack.,,,,,,,
ax,,coredns,,,,,,,,,,,,,pyspark,,,stackoverflow,,,,,,,
axgate,,coregraphics,,,,,,,,,,,,,pytest,,,stacks,,,,,,,
axi,,coreimage,,,,,,,,,,,,,pythoncelerydjangounittest,,,staff,,,,,,,
axios,,coreml,,,,,,,,,,,,,pythonic,,,stage,,,,,,,
axolotl,,corevideo,,,,,,,,,,,,,pytnon,,,stages,,,,,,,
az,,corners,,,,,,,,,,,,,pyton,,,staging,,,,,,,
azar,,corountine,,,,,,,,,,,,,pytorh,,,stake.com,,,,,,,
azure,,coroutine,,,,,,,,,,,,,pytouch,,,stakeho,,,,,,,
azure.,,coroutines,,,,,,,,,,,,,,,,stakehold,,,,,,,
azurerm,,corporate,,,,,,,,,,,,,,,,stakeholder,,,,,,,
,,correction,,,,,,,,,,,,,,,,stakeholders,,,,,,,
,,correctness,,,,,,,,,,,,,,,,stan,,,,,,,
,,cors,,,,,,,,,,,,,,,,standalone,,,,,,,
,,cortex,,,,,,,,,,,,,,,,standard,,,,,,,
,,cosbridge,,,,,,,,,,,,,,,,standardize,,,,,,,
,,cosmetest,,,,,,,,,,,,,,,,standards,,,,,,,
,,cosmo,,,,,,,,,,,,,,,,standby,,,,,,,
,,cosmos,,,,,,,,,,,,,,,,star,,,,,,,
,,cosmwasm,,,,,,,,,,,,,,,,start,,,,,,,
,,cost,,,,,,,,,,,,,,,,startup,,,,,,,
,,costs,,,,,,,,,,,,,,,,state,,,,,,,
,,costs.,,,,,,,,,,,,,,,,stateless,,,,,,,
,,cot,,,,,,,,,,,,,,,,static,,,,,,,
,,cots,,,,,,,,,,,,,,,,statically,,,,,,,
,,couchdb,,,,,,,,,,,,,,,,stations,,,,,,,
,,could,,,,,,,,,,,,,,,,statistical,,,,,,,
,,counting,,,,,,,,,,,,,,,,statistics,,,,,,,
,,countries,,,,,,,,,,,,,,,,status,,,,,,,
,,coupang,,,,,,,,,,,,,,,,stay,,,,,,,
,,coupling,,,,,,,,,,,,,,,,steam,,,,,,,
,,course,,,,,,,,,,,,,,,,stem,,,,,,,
,,cov,,,,,,,,,,,,,,,,stems.,,,,,,,
,,cover,,,,,,,,,,,,,,,,step,,,,,,,
,,coverage,,,,,,,,,,,,,,,,steps.,,,,,,,
,,covi,,,,,,,,,,,,,,,,sticking,,,,,,,
,,cp,,,,,,,,,,,,,,,,sting.,,,,,,,
,,cpim,,,,,,,,,,,,,,,,stl,,,,,,,
,,cplex,,,,,,,,,,,,,,,,stlc,,,,,,,
,,cpo,,,,,,,,,,,,,,,,stm,,,,,,,
,,cpp,,,,,,,,,,,,,,,,stomp,,,,,,,
,,cppg,,,,,,,,,,,,,,,,stompjs,,,,,,,
,,cpprestsdk,,,,,,,,,,,,,,,,storage,,,,,,,
,,cpu,,,,,,,,,,,,,,,,store,,,,,,,
,,cqrs,,,,,,,,,,,,,,,,stored,,,,,,,
,,cr,,,,,,,,,,,,,,,,storefront,,,,,,,
,,cra,,,,,,,,,,,,,,,,stores,,,,,,,
,,craco,,,,,,,,,,,,,,,,stories,,,,,,,
,,craft,,,,,,,,,,,,,,,,storm,,,,,,,
,,crafted,,,,,,,,,,,,,,,,story,,,,,,,
,,crafting,,,,,,,,,,,,,,,,storyboard,,,,,,,
,,crash,,,,,,,,,,,,,,,,str,,,,,,,
,,crashlytics,,,,,,,,,,,,,,,,stradvision,,,,,,,
,,crawler,,,,,,,,,,,,,,,,straightforward,,,,,,,
,,crawling,,,,,,,,,,,,,,,,strat,,,,,,,
,,crdts,,,,,,,,,,,,,,,,strategic,,,,,,,
,,create,,,,,,,,,,,,,,,,strategies,,,,,,,
,,creating,,,,,,,,,,,,,,,,strategy,,,,,,,
,,creation,,,,,,,,,,,,,,,,stream,,,,,,,
,,creative,,,,,,,,,,,,,,,,streaming,,,,,,,
,,creator,,,,,,,,,,,,,,,,streamline,,,,,,,
,,credential,,,,,,,,,,,,,,,,streamlining,,,,,,,
,,creo,,,,,,,,,,,,,,,,streamlit,,,,,,,
,,crest,,,,,,,,,,,,,,,,streams,,,,,,,
,,crevisse,,,,,,,,,,,,,,,,strengthen,,,,,,,
,,cript.,,,,,,,,,,,,,,,,stress,,,,,,,
,,criteria,,,,,,,,,,,,,,,,stringframework,,,,,,,
,,critical,,,,,,,,,,,,,,,,strong,,,,,,,
,,critique,,,,,,,,,,,,,,,,strongly,,,,,,,
,,crl,,,,,,,,,,,,,,,,struc,,,,,,,
,,crm,,,,,,,,,,,,,,,,structure,,,,,,,
,,cro,,,,,,,,,,,,,,,,structured,,,,,,,
,,cross,,,,,,,,,,,,,,,,structures,,,,,,,
,,crossplatform,,,,,,,,,,,,,,,,sts,,,,,,,
,,crowd,,,,,,,,,,,,,,,,sts.,,,,,,,
,,crownix,,,,,,,,,,,,,,,,stt,,,,,,,
,,crud,,,,,,,,,,,,,,,,studies,,,,,,,
,,cruise,,,,,,,,,,,,,,,,studio,,,,,,,
,,cryptographic,,,,,,,,,,,,,,,,study,,,,,,,
,,cryptography,,,,,,,,,,,,,,,,stun,,,,,,,
,,cs,,,,,,,,,,,,,,,,style,,,,,,,
,,csa,,,,,,,,,,,,,,,,styled,,,,,,,
,,csap,,,,,,,,,,,,,,,,styledcompinents,,,,,,,
,,csi,,,,,,,,,,,,,,,,stylegan,,,,,,,
,,csirt,,,,,,,,,,,,,,,,styles,,,,,,,
,,csp,,,,,,,,,,,,,,,,styling,,,,,,,
,,cspm,,,,,,,,,,,,,,,,stylus,,,,,,,
,,csr,,,,,,,,,,,,,,,,su,,,,,,,
,,css,,,,,,,,,,,,,,,,sub,,,,,,,
,,cst,,,,,,,,,,,,,,,,subdomain,,,,,,,
,,csta,,,,,,,,,,,,,,,,subgraph,,,,,,,
,,cste,,,,,,,,,,,,,,,,submitted,,,,,,,
,,csts,,,,,,,,,,,,,,,,submitting,,,,,,,
,,csv,,,,,,,,,,,,,,,,subnet,,,,,,,
,,ct,,,,,,,,,,,,,,,,subnets,,,,,,,
,,ctc,,,,,,,,,,,,,,,,subquery,,,,,,,
,,ctf,,,,,,,,,,,,,,,,subscription,,,,,,,
,,cti,,,,,,,,,,,,,,,,substance,,,,,,,
,,ction.,,,,,,,,,,,,,,,,substantial,,,,,,,
,,ctle,,,,,,,,,,,,,,,,substrate,,,,,,,
,,cto,,,,,,,,,,,,,,,,subsystem,,,,,,,
,,ctron.js,,,,,,,,,,,,,,,,succ,,,,,,,
,,cts,,,,,,,,,,,,,,,,succeed,,,,,,,
,,cts.,,,,,,,,,,,,,,,,success,,,,,,,
,,cture.,,,,,,,,,,,,,,,,successful,,,,,,,
,,cu,,,,,,,,,,,,,,,,such,,,,,,,
,,cubit,,,,,,,,,,,,,,,,suggest,,,,,,,
,,cuda,,,,,,,,,,,,,,,,suggesting,,,,,,,
,,cudf,,,,,,,,,,,,,,,,suggestion,,,,,,,
,,cudnn,,,,,,,,,,,,,,,,sui,,,,,,,
,,cues,,,,,,,,,,,,,,,,suit,,,,,,,
,,culture,,,,,,,,,,,,,,,,suite,,,,,,,
,,cummerce,,,,,,,,,,,,,,,,suite.,,,,,,,
,,cupy,,,,,,,,,,,,,,,,suites,,,,,,,
,,curiosity,,,,,,,,,,,,,,,,suits,,,,,,,
,,curling,,,,,,,,,,,,,,,,summarization,,,,,,,
,,current,,,,,,,,,,,,,,,,summary,,,,,,,
,,cursor,,,,,,,,,,,,,,,,summer,,,,,,,
,,curve,,,,,,,,,,,,,,,,sumone,,,,,,,
,,cus,,,,,,,,,,,,,,,,sun,,,,,,,
,,cust,,,,,,,,,,,,,,,,supabase,,,,,,,
,,custom,,,,,,,,,,,,,,,,super,,,,,,,
,,customer,,,,,,,,,,,,,,,,superb,,,,,,,
,,customers,,,,,,,,,,,,,,,,superior,,,,,,,
,,customization,,,,,,,,,,,,,,,,supertest,,,,,,,
,,customize,,,,,,,,,,,,,,,,supertone,,,,,,,
,,customized,,,,,,,,,,,,,,,,superv,,,,,,,
,,customizing,,,,,,,,,,,,,,,,supervised,,,,,,,
,,customui,,,,,,,,,,,,,,,,supervision,,,,,,,
,,customview,,,,,,,,,,,,,,,,suppliers,,,,,,,
,,cut,,,,,,,,,,,,,,,,supply,,,,,,,
,,cutting,,,,,,,,,,,,,,,,support,,,,,,,
,,cv,,,,,,,,,,,,,,,,supported,,,,,,,
,,cve,,,,,,,,,,,,,,,,supporting,,,,,,,
,,cvpr,,,,,,,,,,,,,,,,suprema,,,,,,,
,,cwpp,,,,,,,,,,,,,,,,surface,,,,,,,
,,cx,,,,,,,,,,,,,,,,surfaceregistration,,,,,,,
,,cy,,,,,,,,,,,,,,,,surrounding,,,,,,,
,,cyber,,,,,,,,,,,,,,,,surroundings,,,,,,,
,,cybersecurity,,,,,,,,,,,,,,,,surroundvision,,,,,,,
,,cycle,,,,,,,,,,,,,,,,suspend,,,,,,,
,,cycle.,,,,,,,,,,,,,,,,suspense,,,,,,,
,,cypher,,,,,,,,,,,,,,,,suspension,,,,,,,
,,,,,,,,,,,,,,,,,,sveltekit,,,,,,,
,,,,,,,,,,,,,,,,,,svflow,,,,,,,
,,,,,,,,,,,,,,,,,,svg,,,,,,,
,,,,,,,,,,,,,,,,,,svlet,,,,,,,
,,,,,,,,,,,,,,,,,,svm,,,,,,,
,,,,,,,,,,,,,,,,,,svn,,,,,,,
,,,,,,,,,,,,,,,,,,svnet,,,,,,,
,,,,,,,,,,,,,,,,,,svr,,,,,,,
,,,,,,,,,,,,,,,,,,sw,,,,,,,
,,,,,,,,,,,,,,,,,,swap,,,,,,,
,,,,,,,,,,,,,,,,,,swarm,,,,,,,
,,,,,,,,,,,,,,,,,,swc,,,,,,,
,,,,,,,,,,,,,,,,,,swe.,,,,,,,
,,,,,,,,,,,,,,,,,,swg,,,,,,,
,,,,,,,,,,,,,,,,,,swift.,,,,,,,
,,,,,,,,,,,,,,,,,,swiftlint,,,,,,,
,,,,,,,,,,,,,,,,,,swiftmr,,,,,,,
,,,,,,,,,,,,,,,,,,swiftui,,,,,,,
,,,,,,,,,,,,,,,,,,swing,,,,,,,
,,,,,,,,,,,,,,,,,,swiper,,,,,,,
,,,,,,,,,,,,,,,,,,swit,,,,,,,
,,,,,,,,,,,,,,,,,,switch,,,,,,,
,,,,,,,,,,,,,,,,,,switches,,,,,,,
,,,,,,,,,,,,,,,,,,switching,,,,,,,
,,,,,,,,,,,,,,,,,,switft,,,,,,,
,,,,,,,,,,,,,,,,,,swithc,,,,,,,
,,,,,,,,,,,,,,,,,,swizzling,,,,,,,
,,,,,,,,,,,,,,,,,,swr,,,,,,,
,,,,,,,,,,,,,,,,,,sy,,,,,,,
,,,,,,,,,,,,,,,,,,sychronization,,,,,,,
,,,,,,,,,,,,,,,,,,syetem,,,,,,,
,,,,,,,,,,,,,,,,,,symmetric,,,,,,,
,,,,,,,,,,,,,,,,,,symphony,,,,,,,
,,,,,,,,,,,,,,,,,,synapse,,,,,,,
,,,,,,,,,,,,,,,,,,sync,,,,,,,
,,,,,,,,,,,,,,,,,,synchronization,,,,,,,
,,,,,,,,,,,,,,,,,,synchronized,,,,,,,
,,,,,,,,,,,,,,,,,,synopsys,,,,,,,
,,,,,,,,,,,,,,,,,,synthesis,,,,,,,
,,,,,,,,,,,,,,,,,,synthetic,,,,,,,
,,,,,,,,,,,,,,,,,,sysops,,,,,,,
,,,,,,,,,,,,,,,,,,syst,,,,,,,
,,,,,,,,,,,,,,,,,,system,,,,,,,
,,,,,,,,,,,,,,,,,,systematically,,,,,,,
,,,,,,,,,,,,,,,,,,systemc,,,,,,,
,,,,,,,,,,,,,,,,,,systems,,,,,,,
,,,,,,,,,,,,,,,,,,systemverilog,,,,,,,
,,,,,,,,,,,,,,,,,,sytem,,,,,,,
